Ticker symbol,Security,CUSIP,,,,,,,
MMM,3M Company,88579Y101,,,,,,,
ABT,Abbott Laboratories,002824100,,,,,,,
ABBV,AbbVie Inc.,00287Y109,,,,,,,
ATVI,Activision Blizzard,00507V109,,,,,,,
ADBE,Adobe Systems Inc,00724F101,,,,,,,
AAP,Advance Auto Parts,00751Y106,,,,,,,
AES,AES Corp,00130H105,,,,,,,
AET,Aetna Inc,00817Y108,,,,,,,
AMG,Affiliated Managers Group Inc,008252108,,,,,,,
AFL,AFLAC Inc,001055102,,,,,,,
A,Agilent Technologies Inc,00846U101,,,,,,,
APD,Air Products & Chemicals Inc,009158106,,,,,,,
AKAM,Akamai Technologies Inc,00971T101,,,,,,,
ALXN,Alexion Pharmaceuticals,015351109,,,,,,,
ADS,Alliance Data Systems,018581108,,,,,,,
ALL,Allstate Corp,020002101,,,,,,,
GOOGL,Alphabet Inc Class A,38259P508,,,,,,,
GOOG,Alphabet Inc Class C,38259P706,,,,,,,
MO,Altria Group Inc,02209S103,,,,,,,
AMZN,Amazon.com Inc,023135106,,,,,,,
AEE,Ameren Corp,023608102,,,,,,,
AAL,American Airlines Group,02376R102,,,,,,,
AEP,American Electric Power,025537101,,,,,,,
AXP,American Express Co,025816109,,,,,,,
AIG,"American International Group, Inc.",026874784,,,,,,,
AMT,American Tower Corp A,03027X100,,,,,,,
AMP,Ameriprise Financial,03076C106,,,,,,,
ABC,AmerisourceBergen Corp,03073E105,,,,,,,
AME,AMETEK Inc,031100100,,,,,,,
AMGN,Amgen Inc,031162100,,,,,,,
APH,Amphenol Corp,032095101,,,,,,,
APC,Anadarko Petroleum Corp,032511107,,,,,,,
ADI,"Analog Devices, Inc.",032654105,,,,,,,
ANTM,Anthem Inc.,036752103,,,,,,,
APA,Apache Corporation,037411105,,,,,,,
AIV,Apartment Investment & Management,03748R101,,,,,,,
AAPL,Apple Inc.,037833100,,,,,,,
AMAT,Applied Materials Inc,038222105,,,,,,,
ADM,Archer-Daniels-Midland Co,039483102,,,,,,,
AIZ,Assurant Inc,04621X108,,,,,,,
T,AT&T Inc,00206R102,,,,,,,
ADSK,Autodesk Inc,052769106,,,,,,,
ADP,Automatic Data Processing,053015103,,,,,,,
AZO,AutoZone Inc,053332102,,,,,,,
AVB,"AvalonBay Communities, Inc.",053484101,,,,,,,
AVY,Avery Dennison Corp,053611109,,,,,,,
BLL,Ball Corp,058498106,,,,,,,
BAC,Bank of America Corp,060505104,,,,,,,
BK,The Bank of New York Mellon Corp.,064058100,,,,,,,
BCR,Bard (C.R.) Inc.,067383109,,,,,,,
BAX,Baxter International Inc.,071813109,,,,,,,
BBT,BB&T Corporation,054937107,,,,,,,
BDX,Becton Dickinson,075887109,,,,,,,
BRK.B,Berkshire Hathaway,084670702,,,,,,,
BBY,Best Buy Co. Inc.,086516101,,,,,,,
BIIB,Biogen Inc.,09062X103,,,,,,,
BLK,BlackRock,09247X101,,,,,,,
HRB,Block H&R,093671105,,,,,,,
BA,Boeing Company,097023105,,,,,,,
BWA,BorgWarner,099724106,,,,,,,
BXP,Boston Properties,101121101,,,,,,,
BSX,Boston Scientific,101137107,,,,,,,
BMY,Bristol-Myers Squibb,110122108,,,,,,,
BF.B,Brown-Forman Corp.,115637209,,,,,,,
CHRW,C. H. Robinson Worldwide,12541W209,,,,,,,
CA,"CA, Inc.",12673P105,,,,,,,
COG,Cabot Oil & Gas,127097103,,,,,,,
CPB,Campbell Soup,134429109,,,,,,,
COF,Capital One Financial,14040H105,,,,,,,
CAH,Cardinal Health Inc.,14149Y108,,,,,,,
KMX,Carmax Inc,143130102,,,,,,,
CAT,Caterpillar Inc.,149123101,,,,,,,
CBG,CBRE Group,12504L109,,,,,,,
CBS,CBS Corp.,124857202,,,,,,,
CELG,Celgene Corp.,151020104,,,,,,,
CNP,CenterPoint Energy,15189T107,,,,,,,
CTL,CenturyLink Inc,156700106,,,,,,,
CERN,Cerner,156782104,,,,,,,
CF,CF Industries Holdings Inc,125269100,,,,,,,
SCHW,Charles Schwab Corporation,808513105,,,,,,,
CHTR,Charter Communications,16117M305,,,,,,,
CHK,Chesapeake Energy,165167107,,,,,,,
CVX,Chevron Corp.,166764100,,,,,,,
CMG,Chipotle Mexican Grill,169656105,,,,,,,
CB,Chubb Limited,171232101,,,,,,,
CI,CIGNA Corp.,125509109,,,,,,,
XEC,Cimarex Energy,171798101,,,,,,,
CINF,Cincinnati Financial,172062101,,,,,,,
CTAS,Cintas Corporation,172908105,,,,,,,
CSCO,Cisco Systems,17275R102,,,,,,,
C,Citigroup Inc.,172967424,,,,,,,
CTXS,Citrix Systems,177376100,,,,,,,
CLX,The Clorox Company,189054109,,,,,,,
CME,CME Group Inc.,12572Q105,,,,,,,
CMS,CMS Energy,125896100,,,,,,,
KO,Coca-Cola Company (The),191216100,,,,,,,
CTSH,Cognizant Technology Solutions,192446102,,,,,,,
CL,Colgate-Palmolive,194162103,,,,,,,
CMCSA,Comcast Corp.,20030N101,,,,,,,
CMA,Comerica Inc.,200340107,,,,,,,
CAG,Conagra Brands,205887102,,,,,,,
COP,ConocoPhillips,20825C104,,,,,,,
ED,Consolidated Edison,209115104,,,,,,,
STZ,Constellation Brands,21036P108,,,,,,,
GLW,Corning Inc.,219350105,,,,,,,
COST,Costco Wholesale Corp.,22160K105,,,,,,,
CCI,Crown Castle International Corp.,22822V101,,,,,,,
CSX,CSX Corp.,126408103,,,,,,,
CMI,Cummins Inc.,231021106,,,,,,,
CVS,CVS Health,126650100,,,,,,,
DHI,D. R. Horton,23331A109,,,,,,,
DHR,Danaher Corp.,235851102,,,,,,,
DRI,Darden Restaurants,237194105,,,,,,,
DVA,DaVita Inc.,23918K108,,,,,,,
DE,Deere & Co.,244199105,,,,,,,
DAL,Delta Air Lines Inc.,247361702,,,,,,,
XRAY,Dentsply Sirona,249030107,,,,,,,
DVN,Devon Energy Corp.,25179M103,,,,,,,
DFS,Discover Financial Services,254709108,,,,,,,
DISCA,Discovery Communications-A,25470F104,,,,,,,
DISCK,Discovery Communications-C,25470F302,,,,,,,
DISH,Dish Network,25470M109,,,,,,,
DG,Dollar General,256677105,,,,,,,
DLTR,Dollar Tree,256746108,,,,,,,
D,Dominion Energy,25746U109,,,,,,,
DOV,Dover Corp.,260003108,,,,,,,
DPS,Dr Pepper Snapple Group,26138E109,,,,,,,
DTE,DTE Energy Co.,233331107,,,,,,,
DUK,Duke Energy,26441C204,,,,,,,
ETFC,E*Trade,269246401,,,,,,,
EMN,Eastman Chemical,277432100,,,,,,,
EBAY,eBay Inc.,278642103,,,,,,,
ECL,Ecolab Inc.,278865100,,,,,,,
EIX,Edison Int'l,281020107,,,,,,,
EW,Edwards Lifesciences,28176E108,,,,,,,
EA,Electronic Arts,285512109,,,,,,,
EMR,Emerson Electric Company,291011104,,,,,,,
ETR,Entergy Corp.,29364G103,,,,,,,
EOG,EOG Resources,26875P101,,,,,,,
EQT,EQT Corporation,26884L109,,,,,,,
EFX,Equifax Inc.,294429105,,,,,,,
EQIX,Equinix,29444U700,,,,,,,
EQR,Equity Residential,29476L107,,,,,,,
ESS,"Essex Property Trust, Inc.",297178105,,,,,,,
EL,Estee Lauder Cos.,518439104,,,,,,,
ES,Eversource Energy,30040W108,,,,,,,
EXC,Exelon Corp.,30161N101,,,,,,,
EXPE,Expedia Inc.,30212P303,,,,,,,
EXPD,Expeditors International,302130109,,,,,,,
ESRX,Express Scripts,30219G108,,,,,,,
XOM,Exxon Mobil Corp.,30231G102,,,,,,,
FFIV,F5 Networks,315616102,,,,,,,
FB,"Facebook, Inc.",30303M102,,,,,,,
FAST,Fastenal Co,311900104,,,,,,,
FDX,FedEx Corporation,31428X106,,,,,,,
FIS,Fidelity National Information Services,31620M106,,,,,,,
FITB,Fifth Third Bancorp,316773100,,,,,,,
FE,FirstEnergy Corp,337932107,,,,,,,
FISV,Fiserv Inc,337738108,,,,,,,
FLIR,FLIR Systems,302445101,,,,,,,
FLS,Flowserve Corporation,34354P105,,,,,,,
FLR,Fluor Corp.,343412102,,,,,,,
FMC,FMC Corporation,302491303,,,,,,,
F,Ford Motor,345370860,,,,,,,
BEN,Franklin Resources,354613101,,,,,,,
FCX,Freeport-McMoRan Inc.,35671D857,,,,,,,
GPS,Gap Inc.,364760108,,,,,,,
GD,General Dynamics,369550108,,,,,,,
GE,General Electric,369604103,,,,,,,
GGP,General Growth Properties Inc.,370023103,,,,,,,
GIS,General Mills,370334104,,,,,,,
GM,General Motors,37045V100,,,,,,,
GPC,Genuine Parts,372460105,,,,,,,
GILD,Gilead Sciences,375558103,,,,,,,
GS,Goldman Sachs Group,38141G104,,,,,,,
GT,Goodyear Tire & Rubber,382550101,,,,,,,
GWW,Grainger (W.W.) Inc.,384802104,,,,,,,
HAL,Halliburton Co.,406216101,,,,,,,
HBI,Hanesbrands Inc,410345102,,,,,,,
HOG,Harley-Davidson,412822108,,,,,,,
HRS,Harris Corporation,413875105,,,,,,,
HIG,Hartford Financial Svc.Gp.,416515104,,,,,,,
HAS,Hasbro Inc.,418056107,,,,,,,
HCA,HCA Holdings,40412C101,,,,,,,
HCP,HCP Inc.,40414L109,,,,,,,
HP,Helmerich & Payne,423452101,,,,,,,
HSIC,Henry Schein,806407102,,,,,,,
HSY,The Hershey Company,427866108,,,,,,,
HES,Hess Corporation,42809H107,,,,,,,
HD,Home Depot,437076102,,,,,,,
HON,Honeywell Int'l Inc.,438516106,,,,,,,
HRL,Hormel Foods Corp.,440452100,,,,,,,
HST,Host Hotels & Resorts,44107P104,,,,,,,
HPQ,HP Inc.,428236103,,,,,,,
HUM,Humana Inc.,444859102,,,,,,,
HBAN,Huntington Bancshares,446150104,,,,,,,
ITW,Illinois Tool Works,452308109,,,,,,,
ILMN,Illumina Inc,452327109,,,,,,,
INTC,Intel Corp.,458140100,,,,,,,
ICE,Intercontinental Exchange,45866F104,,,,,,,
IBM,International Business Machines,459200101,,,,,,,
IP,International Paper,460146103,,,,,,,
IPG,Interpublic Group,460690100,,,,,,,
IFF,Intl Flavors & Fragrances,459506101,,,,,,,
INTU,Intuit Inc.,461202103,,,,,,,
ISRG,Intuitive Surgical Inc.,46120E602,,,,,,,
IRM,Iron Mountain Incorporated,46284V101,,,,,,,
JEC,Jacobs Engineering Group,469814107,,,,,,,
JBHT,J. B. Hunt Transport Services,445658107,,,,,,,
SJM,JM Smucker,832696405,,,,,,,
JNJ,Johnson & Johnson,478160104,,,,,,,
JCI,Johnson Controls International,478366107,,,,,,,
JPM,JPMorgan Chase & Co.,46625H100,,,,,,,
JNPR,Juniper Networks,48203R104,,,,,,,
KSU,Kansas City Southern,485170302,,,,,,,
K,Kellogg Co.,487836108,,,,,,,
KEY,KeyCorp,493267108,,,,,,,
KMB,Kimberly-Clark,494368103,,,,,,,
KIM,Kimco Realty,49446R109,,,,,,,
KMI,Kinder Morgan,49456B101,,,,,,,
KLAC,KLA-Tencor Corp.,482480100,,,,,,,
KSS,Kohl's Corp.,500255104,,,,,,,
KHC,Kraft Heinz Co,500754106,,,,,,,
KR,Kroger Co.,501044101,,,,,,,
LB,L Brands Inc.,501797104,,,,,,,
LLL,L-3 Communications Holdings,502424104,,,,,,,
LH,Laboratory Corp. of America Holding,50540R409,,,,,,,
LRCX,Lam Research,512807108,,,,,,,
LEG,Leggett & Platt,524660107,,,,,,,
LEN,Lennar Corp.,526057104,,,,,,,
LUK,Leucadia National Corp.,527288104,,,,,,,
LLY,Lilly (Eli) & Co.,532457108,,,,,,,
LNC,Lincoln National,534187109,,,,,,,
LMT,Lockheed Martin Corp.,539830109,,,,,,,
L,Loews Corp.,540424108,,,,,,,
LOW,Lowe's Cos.,548661107,,,,,,,
MTB,M&T Bank Corp.,55261F104,,,,,,,
MAC,Macerich,554382101,,,,,,,
M,Macy's Inc.,55616P104,,,,,,,
MRO,Marathon Oil Corp.,565849106,,,,,,,
MPC,Marathon Petroleum,56585A102,,,,,,,
MAR,Marriott Int'l.,571903202,,,,,,,
MMC,Marsh & McLennan,571748102,,,,,,,
MLM,Martin Marietta Materials,573284106,,,,,,,
MAS,Masco Corp.,574599106,,,,,,,
MA,Mastercard Inc.,57636Q104,,,,,,,
MAT,Mattel Inc.,577081102,,,,,,,
MKC,McCormick & Co.,579780206,,,,,,,
MCD,McDonald's Corp.,580135101,,,,,,,
MCK,McKesson Corp.,58155Q103,,,,,,,
MRK,Merck & Co.,58933Y105,,,,,,,
MET,MetLife Inc.,59156R108,,,,,,,
MCHP,Microchip Technology,595017104,,,,,,,
MU,Micron Technology,595112103,,,,,,,
MSFT,Microsoft Corp.,594918104,,,,,,,
MHK,Mohawk Industries,608190104,,,,,,,
TAP,Molson Coors Brewing Company,60871R209,,,,,,,
MDLZ,Mondelez International,609207105,,,,,,,
MON,Monsanto Co.,61166W101,,,,,,,
MNST,Monster Beverage,61174X109,,,,,,,
MCO,Moody's Corp,615369105,,,,,,,
MS,Morgan Stanley,617446448,,,,,,,
MOS,The Mosaic Company,61945C103,,,,,,,
MSI,Motorola Solutions Inc.,620076307,,,,,,,
NDAQ,"Nasdaq, Inc.",631103108,,,,,,,
NOV,National Oilwell Varco Inc.,637071101,,,,,,,
NAVI,Navient,63938C108,,,,,,,
NTAP,NetApp,64110D104,,,,,,,
NFLX,Netflix Inc.,64110L106,,,,,,,
NWL,Newell Brands,651229106,,,,,,,
NFX,Newfield Exploration Co,651290108,,,,,,,
NEM,Newmont Mining Corporation,651639106,,,,,,,
NWSA,News Corp. Class A,65249B109,,,,,,,
NWS,News Corp. Class B,65249B208,,,,,,,
NEE,NextEra Energy,65339F101,,,,,,,
NKE,Nike,654106103,,,,,,,
NI,NiSource Inc.,65473P105,,,,,,,
NBL,Noble Energy Inc,655044105,,,,,,,
JWN,Nordstrom,655664100,,,,,,,
NSC,Norfolk Southern Corp.,655844108,,,,,,,
NTRS,Northern Trust Corp.,665859104,,,,,,,
NOC,Northrop Grumman Corp.,666807102,,,,,,,
NRG,NRG Energy,629377508,,,,,,,
NUE,Nucor Corp.,670346105,,,,,,,
NVDA,Nvidia Corporation,67066G104,,,,,,,
ORLY,O'Reilly Automotive,67103H107,,,,,,,
OXY,Occidental Petroleum,674599105,,,,,,,
OMC,Omnicom Group,681919106,,,,,,,
OKE,ONEOK,682680103,,,,,,,
ORCL,Oracle Corp.,68389X105,,,,,,,
PCAR,PACCAR Inc.,693718108,,,,,,,
PH,Parker-Hannifin,701094104,,,,,,,
PDCO,Patterson Companies,703395103,,,,,,,
PAYX,Paychex Inc.,704326107,,,,,,,
PYPL,PayPal,70450Y103,,,,,,,
PBCT,People's United Financial,712704105,,,,,,,
PEP,PepsiCo Inc.,713448108,,,,,,,
PKI,PerkinElmer,714046109,,,,,,,
PFE,Pfizer Inc.,717081103,,,,,,,
PCG,PG&E Corp.,69331C108,,,,,,,
PM,Philip Morris International,718172109,,,,,,,
PSX,Phillips 66,718546104,,,,,,,
PNW,Pinnacle West Capital,723484101,,,,,,,
PXD,Pioneer Natural Resources,723787107,,,,,,,
PNC,PNC Financial Services,693475105,,,,,,,
RL,Polo Ralph Lauren Corp.,751212101,,,,,,,
PPG,PPG Industries,693506107,,,,,,,
PPL,PPL Corp.,69351T106,,,,,,,
PX,Praxair Inc.,74005P104,,,,,,,
PCLN,Priceline.com Inc,741503403,,,,,,,
PFG,Principal Financial Group,74251V102,,,,,,,
PG,Procter & Gamble,742718109,,,,,,,
PGR,Progressive Corp.,743315103,,,,,,,
PLD,Prologis,74340W103,,,,,,,
PRU,Prudential Financial,744320102,,,,,,,
PEG,Public Serv. Enterprise Inc.,744573106,,,,,,,
PSA,Public Storage,74460D109,,,,,,,
PHM,Pulte Homes Inc.,745867101,,,,,,,
PVH,PVH Corp.,693656100,,,,,,,
QRVO,Qorvo,74736K101,,,,,,,
PWR,Quanta Services Inc.,74762E102,,,,,,,
QCOM,QUALCOMM Inc.,747525103,,,,,,,
DGX,Quest Diagnostics,74834L100,,,,,,,
RRC,Range Resources Corp.,75281A109,,,,,,,
RTN,Raytheon Co.,755111507,,,,,,,
O,Realty Income Corporation,756109104,,,,,,,
RHT,Red Hat Inc.,756577102,,,,,,,
REGN,Regeneron,75886F107,,,,,,,
RF,Regions Financial Corp.,7591EP100,,,,,,,
RSG,Republic Services Inc,760759100,,,,,,,
RHI,Robert Half International,770323103,,,,,,,
ROK,Rockwell Automation Inc.,773903109,,,,,,,
COL,Rockwell Collins,774341101,,,,,,,
ROP,Roper Technologies,776696106,,,,,,,
ROST,Ross Stores,778296103,,,,,,,
CRM,Salesforce.com,79466L302,,,,,,,
SBAC,SBA Communications,78388J106,,,,,,,
SCG,SCANA Corp,80589M102,,,,,,,
SNI,Scripps Networks Interactive Inc.,811065101,,,,,,,
SEE,Sealed Air,81211K100,,,,,,,
SRE,Sempra Energy,816851109,,,,,,,
SHW,Sherwin-Williams,824348106,,,,,,,
SPG,Simon Property Group Inc,828806109,,,,,,,
SWKS,Skyworks Solutions,83088M102,,,,,,,
SLG,SL Green Realty,78440X101,,,,,,,
SNA,Snap-On Inc.,833034101,,,,,,,
SO,Southern Co.,842587107,,,,,,,
LUV,Southwest Airlines,844741108,,,,,,,
SWK,Stanley Black & Decker,854502101,,,,,,,
SBUX,Starbucks Corp.,855244109,,,,,,,
STT,State Street Corp.,857477103,,,,,,,
SRCL,Stericycle Inc,858912108,,,,,,,
SYK,Stryker Corp.,863667101,,,,,,,
STI,SunTrust Banks,867914103,,,,,,,
SYMC,Symantec Corp.,871503108,,,,,,,
SYY,Sysco Corp.,871829107,,,,,,,
TROW,T. Rowe Price Group,74144T108,,,,,,,
TGT,Target Corp.,87612E106,,,,,,,
FTI,TechnipFMC,30249U101,,,,,,,
TXN,Texas Instruments,882508104,,,,,,,
TXT,Textron Inc.,883203101,,,,,,,
TMO,Thermo Fisher Scientific,883556102,,,,,,,
TIF,Tiffany & Co.,886547108,,,,,,,
TWX,Time Warner Inc.,887317303,,,,,,,
TJX,TJX Companies Inc.,872540109,,,,,,,
TMK,Torchmark Corp.,891027104,,,,,,,
TSS,Total System Services,891906109,,,,,,,
TSCO,Tractor Supply Company,892356106,,,,,,,
TRV,The Travelers Companies Inc.,89417E109,,,,,,,
TRIP,TripAdvisor,896945201,,,,,,,
FOXA,Twenty-First Century Fox Class A,90130A200,,,,,,,
TSN,Tyson Foods,902494103,,,,,,,
USB,U.S. Bancorp,902973304,,,,,,,
UA,Under Armour Class C,904311107,,,,,,,
UNP,Union Pacific,907818108,,,,,,,
UAL,United Continental Holdings,910047109,,,,,,,
UNH,United Health Group Inc.,91324P102,,,,,,,
UPS,United Parcel Service,911312106,,,,,,,
URI,"United Rentals, Inc.",911363109,,,,,,,
UTX,United Technologies,913017109,,,,,,,
UHS,"Universal Health Services, Inc.",913903100,,,,,,,
UNM,Unum Group,91529Y106,,,,,,,
VFC,V.F. Corp.,918204108,,,,,,,
VLO,Valero Energy,91913Y100,,,,,,,
VAR,Varian Medical Systems,92220P105,,,,,,,
VTR,Ventas Inc,92276F100,,,,,,,
VRSN,Verisign Inc.,92343E102,,,,,,,
VRSK,Verisk Analytics,92345Y106,,,,,,,
VZ,Verizon Communications,92343V104,,,,,,,
VRTX,Vertex Pharmaceuticals Inc,92532F100,,,,,,,
VIAB,Viacom Inc.,92553P201,,,,,,,
V,Visa Inc.,92826C839,,,,,,,
VNO,Vornado Realty Trust,929042109,,,,,,,
VMC,Vulcan Materials,929160109,,,,,,,
WMT,Wal-Mart Stores,931142103,,,,,,,
WBA,Walgreens Boots Alliance,931427108,,,,,,,
DIS,The Walt Disney Company,254687106,,,,,,,
WM,Waste Management Inc.,94106L109,,,,,,,
WAT,Waters Corporation,941848103,,,,,,,
WEC,Wec Energy Group Inc,92939U106,,,,,,,
WFC,Wells Fargo,949746101,,,,,,,
HCN,Welltower Inc.,95040Q104,,,,,,,
WDC,Western Digital,958102105,,,,,,,
WU,Western Union Co,959802109,,,,,,,
WRK,WestRock Company,96145D105,,,,,,,
WY,Weyerhaeuser Corp.,962166104,,,,,,,
WHR,Whirlpool Corp.,963320106,,,,,,,
WMB,Williams Cos.,969457100,,,,,,,
WYN,Wyndham Worldwide,98310W108,,,,,,,
WYNN,Wynn Resorts Ltd,983134107,,,,,,,
XEL,Xcel Energy Inc,98389B100,,,,,,,
XRX,Xerox Corp.,984121103,,,,,,,
XLNX,Xilinx Inc,983919101,,,,,,,
XYL,Xylem Inc.,98419M100,,,,,,,
YUM,Yum! Brands Inc,988498101,,,,,,,
ZBH,Zimmer Biomet Holdings,98956P102,,,,,,,
ZION,Zions Bancorp,989701107,,,,,,,
ZTS,Zoetis,98978V103,,,,,,,
ACN,Accenture plc,G1151C101,,,,,,,
AYI,Acuity Brands Inc,00508Y102,,,,,,,
AMD,Advanced Micro Devices Inc,007903107,,,,,,,
ALK,Alaska Air Group Inc,011659109,,,,,,,
ALB,Albemarle Corp,012653101,,,,,,,
ARE,Alexandria Real Estate Equities Inc,78463V107,,,,,,,
ALGN,Align Technology,016255101,,,,,,,
ALLE,Allegion,00BFRT3W7,,,,,,,
AGN,"Allergan, Plc",00BY9D546,,,,,,,
LNT,Alliant Energy Corp,018802108,,,,,,,
AWK,American Water Works Company Inc,030420103,,,,,,,
ANDV,Andeavor,03349M105,,,,,,,
ANSS,ANSYS,03662Q105,,,,,,,
AON,Aon plc,00B5BT0K0,,,,,,,
AOS,A.O. Smith Corp,831865209,,,,,,,
ARNC,Arconic Inc,03965L100,,,,,,,
AJG,Arthur J. Gallagher & Co.,363576109,,,,,,,
BHGE,"Baker Hughes, a GE Company",05722G100,,,,,,,
BHF,Brighthouse Financial Inc,10922N103,,,,,,,
AVGO,Broadcom,999900624,,,,,,,
CDNS,Cadence Design Systems,127387108,,,,,,,
CBOE,CBOE Holdings,12503M108,,,,,,,
CCL,Carnival Corp.,143658300,,,,,,,
CNC,Centene Corporation,15135B101,,,,,,,
CHD,Church & Dwight,171340102,,,,,,,
CFG,Citizens Financial Group,125269100,,,,,,,
CXO,Concho Resources,20605P101,,,,,,,
COO,The Cooper Companies,216648402,,,,,,,
COTY,"Coty, Inc",222070203,,,,,,,
CSRA,CSRA Inc.,12650T104,,,,,,,
DLPH,Delphi Automotive PLC,000000000,,,,,,,
DLR,Digital Realty Trust Inc,253868103,,,,,,,
DWDP,DowDuPont,26078J100,,,,,,,
DRE,Duke Realty Corp,264411505,,,,,,,
DXC,DXC Technology,23355L106,,,,,,,
ETN,Eaton Corporation,00B8KQN82,,,,,,,
EVHC,Envision Healthcare,29414D100,,,,,,,
RE,Everest Re Group Ltd,78463V107,,,,,,,
EXR,Extra Space Storage,30225T102,,,,,,,
FRT,Federal Realty Investment Trust,313747206,,,,,,,
FL,Foot Locker Inc,344849104,,,,,,,
FTV,Fortive Corp,34959J108,,,,,,,
FBHS,Fortune Brands Home & Security,34964C106,,,,,,,
GRMN,Garmin Ltd.,011440532,,,,,,,
IT,Gartner Inc,172967424,,,,,,,
GPN,Global Payments Inc,366651107,,,,,,,
HPE,Hewlett Packard Enterprise,42824C109,,,,,,,
HLT,Hilton Worldwide Holdings Inc,43300A203,,,,,,,
HOLX,Hologic,436440101,,,,,,,
IDXX,IDEXX Laboratories,45168D104,,,,,,,
INFO,IHS Markit Ltd.,G47567105,,,,,,,
IR,Ingersoll-Rand PLC,G47791101,,,,,,,
INCY,Incyte,45337C102,,,,,,,
IVZ,Invesco Ltd.,G491BT108,,,,,,,
IQV,IQVIA Holdings Inc.,091471370,,,,,,,
LKQ,LKQ Corporation,501889208,,,,,,,
LYB,LyondellBasell,000943499,,,,,,,
MDT,Medtronic plc,00BTN1Y11,,,,,,,
MTD,Mettler Toledo,592688105,,,,,,,
MGM,MGM Resorts International,552953101,,,,,,,
KORS,Michael Kors Holdings,G60754101,,,,,,,
MAA,Mid-America Apartments,59522J103,,,,,,,
MYL,Mylan N.V.,001103120,,,,,,,
NLSN,Nielsen Holdings,00BWFY550,,,,,,,
NCLH,Norwegian Cruise Line,G66721104,,,,,,,
PKG,Packaging Corporation of America,695156109,,,,,,,
PNR,Pentair Ltd.,00BLS09M3,,,,,,,
PRGO,Perrigo,714290103,,,,,,,
RJF,Raymond James Financial Inc.,754730109,,,,,,,
REG,Regency Centers Corporation,758849103,,,,,,,
RMD,ResMed,761152107,,,,,,,
RCL,Royal Caribbean Cruises Ltd,000886286,,,,,,,
SLB,Schlumberger Ltd.,806857108,,,,,,,
STX,Seagate Technology,G7945M107,,,,,,,
SIG,Signet Jewelers,G81276100,,,,,,,
SPGI,"S&P Global, Inc.",78409V104,,,,,,,
SYF,Synchrony Financial,87165B103,,,,,,,
SNPS,Synopsys Inc.,871607107,,,,,,,
TPR,"Tapestry, Inc.",876030107,,,,,,,
TEL,TE Connectivity Ltd.,H84989104,,,,,,,
TDG,TransDigm Group,893641100,,,,,,,
FOX,Twenty-First Century Fox Class B,90130A200,,,,,,,
UDR,UDR Inc,902653104,,,,,,,
ULTA,Ulta Salon Cosmetics & Fragrance Inc,90384S303,,,,,,,
UAA,Under Armour Class A,90384S303,,,,,,,
WLTW,Willis Towers Watson,G96629103,,,,,,,
XL,XL Capital,G98290102,,,,,,,
